assembly,C,S,D,F,M
Full,96.92400483,54.34258142,42.5814234,1.206272618,1.869722557
Drosophila,55.97104946,53.49819059,2.472858866,1.447527141,42.5814234
Tribolium,57.65983112,54.22195416,3.43787696,1.38721351,40.95295537
Combined,57.96139928,54.16164053,3.799758745,1.507840772,40.53075995
