assemblies,my_percentage,category
Full,96.92400483,C
Drosophila,55.97104946,C
Tribolium,57.65983112,C
Combined,57.96139928,C
Full,1.206272618,F
Drosophila,1.447527141,F
Tribolium,1.38721351,F
Combined,1.507840772,F
Full,1.869722557,M
Drosophila,42.5814234,M
Tribolium,40.95295537,M
Combined,40.53075995,M
